name,description,url,logo_url,categories,domains,scores,embedding_text
Perplexity AI,"AI-powered research & report generator with web search and citations.","https://www.perplexity.ai","https://www.google.com/s2/favicons?domain=perplexity.ai&sz=128","Research Assistant,Productivity,Knowledge Work","General Purpose,Education,Business Analytics","{""user_rating"":{""G2"":4.8},""pricing_model"":""freemium"",""pricing_notes"":""Free with Pro at $20/mo includes premium models, image/file search, API."",""last_updated"":""2025-08-22"",""source_urls"":[""https://techbuilder.ai/what-is-perplexity-ai-a-complete-breakdown-of-features-pricing-benefits/""]}","Perplexity AI is a high-quality research assistant enabling deep-dive web searches, cited answers, and automated reporting (input: natural language query, output: cited summary, CSVs, reports). Core features include advanced AI model selection, semantic searching, and multi-format outputs that save substantial manual research time. It is valuable for analysts, students, and business users who need fast, verifiable information. Unlike general chatbots, Perplexity stands out with reliable citation and current data integration. (meta: English, API + web UI, pricing_model: freemium; key_benchmarks: see scores JSON)"
Canva,"User-friendly AI-powered design platform for image, video, and document creation.","https://www.canva.com","https://www.google.com/s2/favicons?domain=canva.com&sz=128","Design,Creativity,Marketing","Marketing,Education,Social Media,Small Business","{""user_rating"":{""G2"":4.7},""pricing_model"":""freemium"",""pricing_notes"":""Free tier available; Pro $14/mo/user; advanced AI tools in Magic Studio."",""last_updated"":""2025-08-22"",""source_urls"":[""https://www.shopify.com/blog/how-to-use-canva-ai""]}","Canva delivers an AI-enhanced design workspace allowing users to create and edit visuals, presentations, videos, and docs effortlessly (input: text, files; output: editable designs, images, videos). Its magic AI tools automate editing, content generation, and branding, reducing the complexity of manual design. Designed for marketers, small businesses, and educators needing quick, professional results. Canva's edge: unified workflow and ease-of-use versus Adobe or traditional design tools. (meta: English, API + web UI, pricing_model: freemium; key_benchmarks: see scores JSON)"
GitHub Copilot,"AI coding assistant for faster code, completion, and in-context help.","https://github.com/features/copilot","https://www.google.com/s2/favicons?domain=github.com&sz=128","Coding Assistant,Developer Tools,Automation","Software Development,Engineering,DevOps","{""user_rating"":{""G2"":4.6},""pricing_model"":""freemium"",""pricing_notes"":""Free for students/os; Pro $10/mo, Pro+ $39/mo, business plans available."",""last_updated"":""2025-08-22"",""source_urls"":[""https://docs.github.com/en/copilot/get-started/plans""]}","GitHub Copilot streamlines software development with AI-powered code suggestions, chat-based explanations, and automated completion (input: code context; output: code snippets and suggestions). It reduces manual searching and boilerplate writing for developers of all levels who use IDEs. Unlike conventional code search, Copilot offers real-time, context-aware coding help. (meta: English, API + desktop IDE, pricing_model: freemium; key_benchmarks: see scores JSON)"
DeepL,"High-accuracy AI translation for documents and live text, with API support.","https://www.deepl.com","https://www.google.com/s2/favicons?domain=deepl.com&sz=128","Translation,NLP,Productivity","Localization,Legal,Global Business,Academic","{""user_rating"":{""G2"":4.7},""pricing_model"":""freemium"",""pricing_notes"":""Free & Pro plans, API $5.99/mo+; advanced enterprise pricing."",""last_updated"":""2025-08-22"",""source_urls"":[""https://www.getapp.com/website-ecommerce-software/a/deepl-pro/""]}","DeepL provides AI-powered neural machine translation for over 25 languages (input: text/docs; output: high-quality translation). Core features include secure API access, glossary, bulk file upload, and context-aware results. DeepL reduces manual translation and editing. Ideal for professionals in localization, legal, academic and business. Accuracy and context beats Google Translate for enterprise use. (meta: English, API + web UI, pricing_model: freemium; key_benchmarks: see scores JSON)"
Remove.bg,"Instant AI background removal for photos/images via web, API, and apps.","https://www.remove.bg","https://www.google.com/s2/favicons?domain=remove.bg&sz=128","Image Editing,Productivity,eCommerce","Ecommerce,Design,Marketing,Photography","{""user_rating"":{""G2"":4.4},""pricing_model"":""freemium"",""pricing_notes"":""Free limited SD images; paid HD images from $9.99/mo; API pay-per-use."",""last_updated"":""2025-08-22"",""source_urls"":[""https://www.capterra.com/p/10014638/RemoveBG/""]}","Remove.bg automates background removal from raster images and photos (input: uploaded photo; output: PNG with transparency). It eliminates manual Photoshop masking for bulk or single images, serving designers, ecommerce, and marketers. Compared to hand-editing, it's faster for most clean backgrounds but less precise for fine details. (meta: English, API + web UI, pricing_model: freemium; key_benchmarks: see scores JSON)"
Zapier,"Automates repetitive digital workflows by connecting thousands of web apps.","https://zapier.com","https://www.google.com/s2/favicons?domain=zapier.com&sz=128","Workflow Automation,Integration,Productivity","Operations,Marketing,IT,Sales","{""user_rating"":{""G2"":4.7,""Capterra"":4.7},""pricing_model"":""freemium"",""pricing_notes"":""Free for 100 tasks/mo; Pro from $19.99/mo; Team/Enterprise options."",""last_updated"":""2025-08-22"",""source_urls"":[""https://www.capterra.com/p/130182/Zapier/pricing/""]}","Zapier allows non-technical users to build automations connecting 8,000+ apps (input: workflow triggers; output: chained multi-step actions across software). It solves the pain of repetitive or manual data transfer, designed for marketers, operations, admin. Zapier's edge is number of supported integrations and ease-of-use. (meta: English, API + web UI, pricing_model: freemium; key_benchmarks: see scores JSON)"
ChatGPT,"Conversational AI for text generation, summarization, and code assistance.","https://chat.openai.com","https://www.google.com/s2/favicons?domain=openai.com&sz=128","Language Model,Productivity,Research","General Purpose,Education,Customer Support,Development","{""user_rating"":{""G2"":4.8},""pricing_model"":""freemium"",""pricing_notes"":""Free basic; Plus $20/mo; API pay-as-you-go from $0.50/1M tokens (GPT-3.5), $30/1M tokens (GPT-4)."",""last_updated"":""2025-08-22"",""source_urls"":[""https://platform.openai.com/docs/pricing""]}","ChatGPT is an advanced language model for open-domain Q&A, content creation, summarization, and code assistance (input: text prompt; output: text, code, summaries). Key uses include chatbots, research, tutoring, and code review. For general users, it offers reliable conversation and response quality. Its competitive edge is combinatorial reasoning and API scale versus smaller LLMs. (meta: English, REST API + web UI, pricing_model: freemium; key_benchmarks: see scores JSON)"
Claude AI,"AI assistant for safe, reliable generative text, supporting reasoning tasks.","https://claude.ai","https://www.google.com/s2/favicons?domain=claude.ai&sz=128","Language Model,Productivity,Research","General Purpose,Enterprise,Education,Healthcare","{""user_rating"":{""G2"":4.6},""pricing_model"":""freemium"",""pricing_notes"":""Free plan; Pro $20/mo individual; Team $25/mo/user."",""last_updated"":""2025-08-22"",""source_urls"":[""https://claudelog.com/faqs/how-much-does-claude-ai-cost/""]}","Claude is a conversational AI model with advanced safety filters, Q&A, summarization, and logic reasoning (input: prompt; output: long-form text, summaries). Key features: multi-modal input, Pro access to advanced models, integrated API. It targets professionals needing transparent, ethical AI responses. Claude's edge: safety alignment and document context length. (meta: English, API + web UI, pricing_model: freemium; key_benchmarks: see scores JSON)"
Midjourney,"AI image generation from natural language prompts for art and design.","https://www.midjourney.com","https://www.google.com/s2/favicons?domain=midjourney.com&sz=128","Image Generation,Creativity,Design","Marketing,Art,Entertainment,Game Design","{""pricing_model"":""paid"",""pricing_notes"":""Plans: Basic $10/mo, Standard $30/mo, Pro $60/mo, Mega $120/mo. No free tier."",""last_updated"":""2025-08-22"",""source_urls"":[""https://yourdreamai.com/midjourney-pricing-plans/""]}","Midjourney generates high-quality art and visuals from text descriptions (input: detailed prompts; output: image grid, upscales). Core feature is style and concept exploration for creatives with minimal effort. Best for designers, artists, and marketers needing unique images quickly. Competitive differentiator: creative quality and prompt responsiveness. (meta: English, Discord-based UI, pricing_model: paid; key_benchmarks: see scores JSON)"
Notion AI,"All-in-one workspace with AI writing, summarization, and project management.","https://www.notion.so","https://www.google.com/s2/favicons?domain=notion.so&sz=128","Note-Taking,Productivity,Knowledge Management","Teams,Startups,Education,Remote Work","{""user_rating"":{""G2"":4.7},""pricing_model"":""freemium"",""pricing_notes"":""Base free; AI add-on $8/mo/user; Pro $10/mo/user."",""last_updated"":""2025-08-22"",""source_urls"":[""https://www.usemotion.com/blog/ai-productivity-tools.html""]}","Notion provides a collaborative space for notes, documentation, wikis, and databases with AI-powered writing, summarization, and content generation (input: prose/notes/tasks; output: docs, summaries, Q&A). It solves manual knowledge management and doc editing. Best for teams needing project docs and wikis. Compared to Confluence, offers broader integrations and custom workflows. (meta: English, API + web UI, pricing_model: freemium; key_benchmarks: see scores JSON)"
Grammarly,"AI-driven writing assistant for grammar, clarity, and style suggestions.","https://www.grammarly.com","https://www.google.com/s2/favicons?domain=grammarly.com&sz=128","Writing Assistant,Productivity,NLP","Content Creation,Marketing,Education,Business Communication","{""user_rating"":{""G2"":4.6,""Capterra"":4.5},""pricing_model"":""freemium"",""pricing_notes"":""Free basic; Premium $15/mo; Business $12.50/mo/user."",""last_updated"":""2025-08-22"",""source_urls"":[""https://www.g2.com/products/grammarly/reviews""]}","Grammarly offers real-time grammar, spelling, and style checks with suggestions for clarity and tone (input: text; output: corrected text, suggestions). It eliminates manual proofreading, enhancing writing quality for professionals, students, and marketers. Compared to built-in spell-check, it provides deeper stylistic guidance and tone detection. (meta: English, API + web UI, pricing_model: freemium; key_benchmarks: see scores JSON)"
Otter.ai,"AI meeting transcription and summarization with live captioning.","https://otter.ai","https://www.google.com/s2/favicons?domain=otter.ai&sz=128","Transcription,Collaboration,Productivity","Meetings,Journalism,Education,Research","{""user_rating"":{""G2"":4.5,""Capterra"":4.4},""pricing_model"":""freemium"",""pricing_notes"":""Free 600 min/mo; Pro $8.33/mo; Business $20/mo; Enterprise custom."",""last_updated"":""2025-08-22"",""source_urls"":[""https://www.tanka.ai/blog/posts/ai-meeting-summary""]}","Otter.ai transcribes live or recorded meetings and generates searchable summaries and highlights (input: audio/video; output: transcript, summary). It saves manual note-taking for teams, journalists, and educators. Its advantage is live caption and collaborative editing versus standard voice recorders. (meta: English, API + web UI, pricing_model: freemium; key_benchmarks: see scores JSON)"
Fathom,"AI-powered Zoom meeting assistant that captures highlights and notes.","https://fathom.video","https://www.google.com/s2/favicons?domain=fathom.video&sz=128","Meeting Assistant,Transcription,Productivity","Sales,Customer Success,Consulting,Remote Teams","{""user_rating"":{""G2"":4.4},""pricing_model"":""freemium"",""pricing_notes"":""Free basic; Pro $14/mo; Team custom pricing."",""last_updated"":""2025-08-22"",""source_urls"":[""https://www.bluedothq.com/blog/fathom-review""]}","Fathom automatically records and summarizes Zoom calls, providing clips, action items, and searchable transcripts (input: Zoom meeting; output: highlights, notes). It removes manual note-taking for sales, customer calls, and team meetings. Its standout feature is integration directly into Zoom for seamless use. (meta: English, Zoom integration + web UI, pricing_model: freemium; key_benchmarks: see scores JSON)"
Airtable,"Flexible no-code database with AI-powered automations and interfaces.","https://airtable.com","https://www.google.com/s2/favicons?domain=airtable.com&sz=128","Database,Automation,No-Code","Operations,Marketing,Product Management,HR","{""user_rating"":{""G2"":4.7,""Capterra"":4.6},""pricing_model"":""freemium"",""pricing_notes"":""Free tier; Plus $10/mo; Pro $20/mo; Enterprise custom."",""last_updated"":""2025-08-22"",""source_urls"":[""https://www.zendesk.kr/service/wfm/workflow-automation-software/""]}","Airtable offers spreadsheet-database hybrid with AI-driven automations, custom interfaces, and integrations (input: structured data; output: apps, dashboards, workflows). It replaces manual spreadsheets for teams managing projects and inventories. Compared to Google Sheets, it adds relational database power and no-code apps. (meta: English, API + web UI, pricing_model: freemium; key_benchmarks: see scores JSON)"
Slack,"Team collaboration platform with AI-powered message summarization and workflows.","https://slack.com","https://www.google.com/s2/favicons?domain=slack.com&sz=128","Collaboration,Messaging,Automation","Corporate,Remote Work,Customer Support,Marketing","{""user_rating"":{""G2"":4.5,""Capterra"":4.4},""pricing_model"":""freemium"",""pricing_notes"":""Free limited; Pro $6.67/mo; Business+ $12.50/mo; Enterprise Grid custom."",""last_updated"":""2025-08-22"",""source_urls"":[""https://growthnatives.com/blogs/thought-leadership/hubspot-ai-roadmap-future-developments-and-features/""]}","Slack provides real-time messaging, channels, and file sharing with AI-driven search, thread summarization, and custom workflows (input: messages, files; output: summaries, alerts). It eases information overload for teams and customer support. Versus email, Slack offers faster, organized conversations and integrations. (meta: English, API + desktop & mobile, pricing_model: freemium; key_benchmarks: see scores JSON)"
HubSpot,"CRM platform with AI features for marketing, sales, and service automation.","https://www.hubspot.com","https://www.google.com/s2/favicons?domain=hubspot.com&sz=128","CRM,Marketing Automation,Sales","Sales,Marketing,Customer Service,SMB","{""user_rating"":{""G2"":4.6,""Capterra"":4.5},""pricing_model"":""freemium"",""pricing_notes"":""Free CRM; Starter $50/mo; Professional $800/mo; Enterprise $3,200/mo."",""last_updated"":""2025-08-22"",""source_urls"":[""https://www.streamcreative.com/2025-test-podcasts/hubspot-ai-examples-features-pricing-2025-2025-blog-test""]}","HubSpot CRM automates lead scoring, email sequencing, and service ticketing with embedded AI insights (input: customer data; output: predictive scores, email drafts). It solves manual pipeline management for marketing and sales teams. Compared to Salesforce, HubSpot offers easier setup and built-in marketing tools. (meta: English, API + web UI, pricing_model: freemium; key_benchmarks: see scores JSON)"
Monday.com,"Work OS platform with AI workflow builder and data visualization.","https://monday.com","https://www.google.com/s2/favicons?domain=monday.com&sz=128","Work Management,Automation,Collaboration","Project Management,Operations,IT,Marketing","{""user_rating"":{""G2"":4.6,""Capterra"":4.5},""pricing_model"":""paid"",""pricing_notes"":""Basic $8/mo; Standard $10/mo; Pro $16/mo; Enterprise custom."",""last_updated"":""2025-08-22"",""source_urls"":[""https://thedigitalprojectmanager.com/tools/monday-review/""]}","Monday.com offers a customizable Work OS with AI-powered automations, dashboards, and template apps (input: boards, items; output: automated workflows, charts). It replaces manual status updates and reporting for teams. Its flexibility and visual UI differ from rigid PM tools like Jira. (meta: English, API + web UI, pricing_model: paid; key_benchmarks: see scores JSON)"
Smartsheet,"Spreadsheet-like platform with AI-driven workflows and content suggestions.","https://www.smartsheet.com","https://www.google.com/s2/favicons?domain=smartsheet.com&sz=128","Work Management,Automation,Collaboration","Project Management,Finance,Operations,Construction","{""user_rating"":{""G2"":4.5,""Capterra"":4.4},""pricing_model"":""paid"",""pricing_notes"":""Pro $7/mo; Business $25/mo; Enterprise custom."",""last_updated"":""2025-08-22"",""source_urls"":[""https://www.smartsheet.com/platform/features/ai""]}","Smartsheet combines grid-based planning with AI suggestions, workflow automation, and document generation (input: sheets, attachments; output: alerts, reports). It substitutes manual spreadsheets and email updates for project teams. Its AI features and attachments differ from Excel/Google Sheets. (meta: English, API + web UI, pricing_model: paid; key_benchmarks: see scores JSON)"
InVideo,"AI-powered video creation platform with templates and text-to-video.","https://invideo.io","https://www.google.com/s2/favicons?domain=invideo.io&sz=128","Video Editing,Content Creation,Marketing","Social Media,Advertising,Education,Small Business","{""user_rating"":{""G2"":4.4},""pricing_model"":""freemium"",""pricing_notes"":""Free limited; Business $30/mo; Unlimited $60/mo."",""last_updated"":""2025-08-22"",""source_urls"":[""https://zapier.com/blog/best-ai-video-generator/""]}","InVideo automates video creation with AI-driven templates, auto text-to-video, and voiceovers (input: text/scripts; output: edited videos). It reduces manual video editing time for marketers and creators. Compared to Adobe Premiere, it offers quicker template-based production. (meta: English, API + web UI, pricing_model: freemium; key_benchmarks: see scores JSON)"
Figma,"Collaborative design tool with AI plugins for auto-layout and content.","https://www.figma.com","https://www.google.com/s2/favicons?domain=figma.com&sz=128","UI Design,Collaboration,Prototyping","Product Design,Marketing,UX/UI,Education","{""user_rating"":{""G2"":4.7},""pricing_model"":""freemium"",""pricing_notes"":""Free starter; Professional $12/mo/editor; Organization $45/mo/editor."",""last_updated"":""2025-08-22"",""source_urls"":[""https://explodingtopics.com/blog/most-popular-ai-tools""]}","Figma provides real-time collaborative UI/UX design with AI-driven auto-layout, vector generation, and content plugins (input: design files; output: prototypes, assets). It replaces static mockups with dynamic, shared canvases. Compared to Sketch, it adds cloud collaboration and AI plugins. (meta: English, API + web UI, pricing_model: freemium; key_benchmarks: see scores JSON)"
Cursor AI,"AI-powered code editor with intelligent autocomplete, chat-based help, and multi-file context.",https://cursor.com,https://www.google.com/s2/favicons?domain=cursor.com&sz=128,"Code Editor,AI Assistant,Developer Tools","Software Development,Engineering,Full-Stack Development","{""user_rating"":{""G2"":4.8},""pricing_model"":""freemium"",""pricing_notes"":""Free Hobby plan; Pro $20/mo; Ultra $200/mo; Teams $40/user/mo."",""last_updated"":""2025-08-22"",""source_urls"":[""https://uibakery.io/blog/cursor-ai-pricing-explained""]}","Cursor AI is an AI-enhanced code editor providing intelligent autocomplete, context-aware suggestions, and conversational programming assistance (input: code files; output: suggestions, completions, explanations). Core features include Tab autocomplete, multi-file awareness, and chat-based debugging that reduce manual coding and research time. It targets developers of all levels seeking faster, more intuitive programming workflows. Compared to VS Code with extensions, Cursor offers native AI integration and superior context understanding. (meta: English, desktop app + API, pricing_model: freemium; key_benchmarks: see scores JSON)"
Linear,Modern project management and issue tracking platform designed for software teams.,https://linear.app,https://www.google.com/s2/favicons?domain=linear.app&sz=128,"Project Management,Issue Tracking,Team Collaboration","Software Development,Product Management,Startups,Engineering","{""user_rating"":{""G2"":4.5,""Product Hunt"":4.9},""pricing_model"":""freemium"",""pricing_notes"":""Free for small teams; Standard $8/user/mo; Plus $14/user/mo."",""last_updated"":""2025-08-22"",""source_urls"":[""https://www.siit.io/tools/trending/linear-app-review""]}","Linear provides fast, minimalist project management with issues, cycles, and roadmaps optimized for software development (input: tasks, bugs; output: organized sprints, progress tracking). Key features include blazing-fast performance, keyboard shortcuts, and developer-centric workflows that eliminate complexity found in traditional PM tools. It serves engineering teams, startups, and product managers who value speed over feature bloat. Compared to Jira, Linear offers superior user experience and faster task management at the cost of advanced customization. (meta: English, API + web UI, pricing_model: freemium; key_benchmarks: see scores JSON)"
Loom,"Video messaging platform for screen recording, sharing, and asynchronous communication.",https://www.loom.com,https://www.google.com/s2/favicons?domain=loom.com&sz=128,"Video Communication,Screen Recording,Collaboration","Remote Work,Customer Support,Sales,Education","{""user_rating"":{""G2"":4.7},""pricing_model"":""freemium"",""pricing_notes"":""Free for personal use; Business $8/user/mo; Enterprise custom pricing."",""last_updated"":""2025-08-22"",""source_urls"":[""https://www.atlassian.com/software/loom""]}","Loom enables quick screen and camera recording with instant sharing links for asynchronous video communication (input: screen/camera; output: shareable video links, transcripts). Core features include AI-powered summaries, automatic transcription, and seamless embedding that replace lengthy meetings and written explanations. It targets remote teams, support staff, and educators needing visual communication. Compared to Zoom recordings, Loom offers easier sharing and better async workflows. (meta: English, web + desktop + mobile, pricing_model: freemium; key_benchmarks: see scores JSON)"
Vercel,Frontend deployment platform with AI-powered development tools and edge computing.,https://vercel.com,https://www.google.com/s2/favicons?domain=vercel.com&sz=128,"Deployment,Frontend Platform,AI Infrastructure","Web Development,AI Applications,Startups,Enterprise","{""user_rating"":{""G2"":4.6},""pricing_model"":""freemium"",""pricing_notes"":""Free hobby tier; Pro $20/user/mo; Team $40/user/mo; Enterprise custom."",""last_updated"":""2025-08-22"",""source_urls"":[""https://vercel.com/solutions/ai-apps""]}","Vercel provides instant frontend deployment with integrated AI SDK for building conversational and intelligent applications (input: React/Next.js code; output: global deployment, AI features). Key capabilities include serverless functions, edge computing, AI model integrations, and zero-configuration deployment that accelerate development cycles. It serves frontend developers and AI application builders needing scalable, performant hosting. Compared to traditional cloud platforms, Vercel offers simpler deployment and better developer experience. (meta: English, API + web UI, pricing_model: freemium; key_benchmarks: see scores JSON)"
Framer,Web design platform with AI-powered website building and advanced prototyping tools.,https://www.framer.com,https://www.google.com/s2/favicons?domain=framer.com&sz=128,"Web Design,Prototyping,No-Code","Design,Marketing,Startups,Agencies","{""user_rating"":{""G2"":4.7},""pricing_model"":""freemium"",""pricing_notes"":""Free starter; Mini $5/mo; Basic $15/mo; Pro $30/mo per site."",""last_updated"":""2025-08-22"",""source_urls"":[""https://www.framer.com/pricing/personal""]}","Framer combines advanced web design capabilities with AI-powered site generation and interactive prototyping (input: designs, content; output: responsive websites, prototypes). Core features include drag-and-drop editor, custom animations, CMS integration, and AI wireframing that bridge design and development workflows. It targets designers, agencies, and startups needing professional websites without coding. Compared to Webflow, Framer offers more intuitive design tools but fewer advanced interactions. (meta: English, web UI + API, pricing_model: freemium; key_benchmarks: see scores JSON)"
RunwayML,AI-powered video generation platform for creating videos from text and images.,https://runwayml.com,https://www.google.com/s2/favicons?domain=runwayml.com&sz=128,"Video Generation,AI Creation,Media Production","Marketing,Entertainment,Social Media,Creative Industries","{""pricing_model"":""paid"",""pricing_notes"":""Gen-4 models; usage-based pricing; Professional and Enterprise tiers available."",""last_updated"":""2025-08-22"",""source_urls"":[""https://runwayml.com/research/introducing-runway-gen-4""]}","RunwayML generates high-quality videos from text prompts and images using advanced AI models like Gen-4 (input: text descriptions, reference images; output: coherent video sequences). Key features include consistent character generation, realistic motion, and enhanced prompt adherence that eliminate manual video editing for simple content. It serves marketers, content creators, and media professionals needing quick video production. Compared to traditional video editing, RunwayML offers speed and accessibility but less precise control. (meta: English, web UI + API, pricing_model: paid; key_benchmarks: see scores JSON)"
Retool,Low-code platform for building internal tools with AI-powered automations and database connections.,https://retool.com,https://www.google.com/s2/favicons?domain=retool.com&sz=128,"Low-Code,Internal Tools,Business Applications","Operations,IT,Data Analysis,Enterprise","{""user_rating"":{""G2"":4.8},""pricing_model"":""freemium"",""pricing_notes"":""Free for personal use; Team $10/user/mo; Business $50/user/mo; Enterprise custom."",""last_updated"":""2025-08-22"",""source_urls"":[""https://retool.com/ai""]}","Retool enables rapid development of internal tools and dashboards with drag-and-drop components and database integrations (input: data sources, workflows; output: custom business applications). Core AI features include natural language queries, automated workflows, and intelligent data processing that reduce manual admin work. It targets operations teams, IT departments, and businesses needing custom internal software. Compared to custom development, Retool offers faster deployment but less flexibility for complex logic. (meta: English, web UI + API, pricing_model: freemium; key_benchmarks: see scores JSON)"
Bubble,No-code platform for building complete web applications with visual programming interface.,https://bubble.io,https://www.google.com/s2/favicons?domain=bubble.io&sz=128,"No-Code,Web Development,Visual Programming","Startups,MVPs,SaaS,Small Business","{""user_rating"":{""G2"":4.4},""pricing_model"":""freemium"",""pricing_notes"":""Free plan available; Starter $29/mo; Growth $119/mo; Team $349/mo."",""last_updated"":""2025-08-22"",""source_urls"":[""https://www.sommo.io/blog/why-use-bubble-no-code-platform-for-your-project""]}","Bubble provides comprehensive no-code web app development with visual workflows, database management, and user authentication (input: app logic via drag-and-drop; output: fully functional web applications). Key features include responsive design, API integrations, and complex data relationships that enable sophisticated applications without programming. It serves entrepreneurs, startups, and non-technical founders building MVPs or complete SaaS platforms. Compared to traditional development, Bubble offers faster iteration but potential performance limitations at scale. (meta: English, web UI + API, pricing_model: freemium; key_benchmarks: see scores JSON)"
Supabase,"Open-source backend-as-a-service providing PostgreSQL database, authentication, and real-time features.",https://supabase.com,https://www.google.com/s2/favicons?domain=supabase.com&sz=128,"Backend-as-a-Service,Database,Authentication","Web Development,Mobile Apps,Startups,Full-Stack Development","{""user_rating"":{""G2"":4.6},""pricing_model"":""freemium"",""pricing_notes"":""Free tier generous; Pro $25/mo per project; Team $599/mo; Enterprise custom."",""last_updated"":""2025-08-22"",""source_urls"":[""https://uibakery.io/blog/supabase-pricing""]}","Supabase offers an open-source Firebase alternative with PostgreSQL database, authentication, real-time subscriptions, and edge functions (input: database schema, API calls; output: scalable backend services). Core features include instant APIs, row-level security, and real-time data sync that eliminate backend development complexity. It targets full-stack developers, startups, and teams needing rapid backend deployment. Compared to Firebase, Supabase offers SQL flexibility and open-source control but requires more technical knowledge. (meta: English, REST API + SDKs, pricing_model: freemium; key_benchmarks: see scores JSON)"
Typeform,Interactive form builder with conversational interfaces and advanced logic branching.,https://www.typeform.com,https://www.google.com/s2/favicons?domain=typeform.com&sz=128,"Forms,Surveys,Lead Generation","Marketing,Customer Research,HR,Education","{""user_rating"":{""G2"":4.5,""Capterra"":4.4},""pricing_model"":""freemium"",""pricing_notes"":""Free plan limited; Basic $25/mo; Plus $50/mo; Business $83/mo."",""last_updated"":""2025-08-22"",""source_urls"":[""https://www.g2.com/products/typeform/reviews""]}","Typeform creates engaging, conversational forms and surveys with conditional logic and multimedia integration (input: questions, logic flows; output: interactive forms, response data). Key features include beautiful design templates, advanced branching, and integration capabilities that increase response rates compared to traditional forms. It serves marketers, researchers, and businesses needing high-engagement data collection. Compared to Google Forms, Typeform offers superior user experience but at higher cost. (meta: English, web UI + API, pricing_model: freemium; key_benchmarks: see scores JSON)"
Calendly,Automated scheduling platform that eliminates back-and-forth email coordination.,https://calendly.com,https://www.google.com/s2/favicons?domain=calendly.com&sz=128,"Scheduling,Productivity,Calendar Management","Sales,Consulting,Customer Success,Professional Services","{""user_rating"":{""G2"":4.7,""Capterra"":4.6},""pricing_model"":""freemium"",""pricing_notes"":""Free for basic use; Standard $8/user/mo; Teams $12/user/mo; Enterprise $16/user/mo."",""last_updated"":""2025-08-22"",""source_urls"":[""https://www.g2.com/products/calendly/reviews""]}","Calendly automates meeting scheduling with availability sharing, calendar integration, and booking confirmations (input: availability preferences; output: bookable calendar links, automated reminders). Core features include buffer times, meeting types, and integration with video conferencing that eliminate scheduling coordination overhead. It targets sales teams, consultants, and professionals who manage frequent external meetings. Compared to manual scheduling, Calendly saves hours weekly but requires consistent calendar maintenance. (meta: English, web UI + API, pricing_model: freemium; key_benchmarks: see scores JSON)"
Mailchimp,Email marketing automation platform with audience segmentation and campaign analytics.,https://mailchimp.com,https://www.google.com/s2/favicons?domain=mailchimp.com&sz=128,"Email Marketing,Marketing Automation,CRM","Small Business,E-commerce,Marketing,Content Creation","{""user_rating"":{""G2"":4.3,""Capterra"":4.2},""pricing_model"":""freemium"",""pricing_notes"":""Free up to 2,000 contacts; Essentials $13/mo; Standard $20/mo; Premium $350/mo."",""last_updated"":""2025-08-22"",""source_urls"":[""https://www.g2.com/products/mailchimp/reviews""]}","Mailchimp provides comprehensive email marketing with automation workflows, audience segmentation, and detailed analytics (input: subscriber lists, email content; output: targeted campaigns, performance metrics). Key features include drag-and-drop email builder, A/B testing, and e-commerce integrations that streamline marketing communications. It serves small businesses, marketers, and e-commerce stores needing professional email campaigns. Compared to basic email tools, Mailchimp offers advanced automation but with increasing complexity and costs. (meta: English, web UI + API, pricing_model: freemium; key_benchmarks: see scores JSON)"
Intercom,"Customer messaging platform combining live chat, help desk, and marketing automation.",https://www.intercom.com,https://www.google.com/s2/favicons?domain=intercom.com&sz=128,"Customer Support,Live Chat,Marketing Automation","SaaS,Customer Success,Sales,Support Teams","{""user_rating"":{""G2"":4.5,""Capterra"":4.4},""pricing_model"":""paid"",""pricing_notes"":""Essential $39/mo; Advanced $99/mo; Expert $139/mo; plus per-seat pricing."",""last_updated"":""2025-08-22"",""source_urls"":[""https://www.g2.com/products/intercom/reviews""]}","Intercom unifies customer communication through live chat, help desk ticketing, and automated messaging (input: customer interactions; output: resolved issues, engagement campaigns). Core features include AI-powered chatbots, knowledge base integration, and customer journey tracking that improve support efficiency and user experience. It targets SaaS companies, support teams, and customer success organizations. Compared to standalone chat tools, Intercom offers comprehensive customer lifecycle management but at premium pricing. (meta: English, web widget + API, pricing_model: paid; key_benchmarks: see scores JSON)"
Miro,Online collaborative whiteboard platform for visual collaboration and brainstorming.,https://miro.com,https://www.google.com/s2/favicons?domain=miro.com&sz=128,"Collaboration,Whiteboarding,Visual Thinking","Design,Product Management,Agile,Remote Teams","{""user_rating"":{""G2"":4.8,""Capterra"":4.7},""pricing_model"":""freemium"",""pricing_notes"":""Free for 3 boards; Starter $8/user/mo; Business $16/user/mo; Enterprise custom."",""last_updated"":""2025-08-22"",""source_urls"":[""https://www.g2.com/products/miro/reviews""]}","Miro provides infinite collaborative whiteboards with templates, sticky notes, and real-time editing for visual brainstorming and planning (input: ideas, workflows; output: visual diagrams, collaborative sessions). Key features include extensive template library, integration ecosystem, and presentation mode that facilitate remote collaboration and design thinking. It serves design teams, product managers, and distributed teams needing visual collaboration. Compared to physical whiteboards, Miro offers persistence and remote access but requires digital adoption. (meta: English, web UI + mobile apps, pricing_model: freemium; key_benchmarks: see scores JSON)"
Hotjar,"Website analytics platform providing heatmaps, session recordings, and user feedback tools.",https://www.hotjar.com,https://www.google.com/s2/favicons?domain=hotjar.com&sz=128,"Analytics,User Experience,Heatmaps","UX Design,Marketing,E-commerce,Product Management","{""user_rating"":{""G2"":4.3,""Capterra"":4.4},""pricing_model"":""freemium"",""pricing_notes"":""Free basic plan; Plus $32/mo; Business $80/mo; Scale $171/mo."",""last_updated"":""2025-08-22"",""source_urls"":[""https://www.g2.com/products/hotjar/reviews""]}","Hotjar reveals user behavior through heatmaps, session recordings, and feedback collection tools (input: website traffic; output: user behavior insights, optimization recommendations). Core features include click tracking, scroll analysis, and survey widgets that uncover UX issues and conversion barriers. It targets UX designers, marketers, and product teams optimizing website performance. Compared to Google Analytics, Hotjar provides qualitative behavioral data but requires privacy compliance considerations. (meta: English, web tracking + dashboard, pricing_model: freemium; key_benchmarks: see scores JSON)"
Buffer,"Social media management platform for scheduling, publishing, and analyzing social content.",https://buffer.com,https://www.google.com/s2/favicons?domain=buffer.com&sz=128,"Social Media,Content Management,Marketing","Marketing,Small Business,Content Creation,Social Media Management","{""user_rating"":{""G2"":4.3,""Capterra"":4.4},""pricing_model"":""freemium"",""pricing_notes"":""Free for 3 channels; Essentials $6/mo; Team $12/mo; Agency $120/mo."",""last_updated"":""2025-08-22"",""source_urls"":[""https://www.g2.com/products/buffer/reviews""]}","Buffer streamlines social media management with post scheduling, multi-platform publishing, and performance analytics (input: social content, posting schedules; output: automated posts, engagement metrics). Key features include content calendar, team collaboration, and hashtag suggestions that reduce manual social media work. It serves marketers, small businesses, and social media managers maintaining consistent online presence. Compared to native platform scheduling, Buffer offers centralized management but with platform limitations. (meta: English, web UI + mobile apps, pricing_model: freemium; key_benchmarks: see scores JSON)"
Shopify,"E-commerce platform providing online store creation, payment processing, and inventory management.",https://www.shopify.com,https://www.google.com/s2/favicons?domain=shopify.com&sz=128,"E-commerce,Online Store,Payment Processing","Retail,Small Business,Dropshipping,Enterprise Commerce","{""user_rating"":{""G2"":4.4,""Capterra"":4.4},""pricing_model"":""paid"",""pricing_notes"":""Basic $39/mo; Shopify $105/mo; Advanced $399/mo; Plus $2,000/mo."",""last_updated"":""2025-08-22"",""source_urls"":[""https://www.g2.com/products/shopify/reviews""]}","Shopify provides complete e-commerce infrastructure with store building, payment processing, inventory management, and shipping integration (input: products, store design; output: functional online store, order processing). Core features include customizable themes, app marketplace, and multi-channel selling that enable businesses to sell online quickly. It serves retailers, entrepreneurs, and businesses transitioning to e-commerce. Compared to custom e-commerce development, Shopify offers faster setup but with transaction fees and template limitations. (meta: English, web admin + storefront, pricing_model: paid; key_benchmarks: see scores JSON)"
Stripe,"Payment processing platform with APIs for online transactions, subscriptions, and marketplaces.",https://stripe.com,https://www.google.com/s2/favicons?domain=stripe.com&sz=128,"Payment Processing,Financial Infrastructure,APIs","E-commerce,SaaS,Fintech,Online Business","{""user_rating"":{""G2"":4.6,""Capterra"":4.5},""pricing_model"":""usage-based"",""pricing_notes"":""2.9% + 30Â¢ per transaction; volume discounts available; subscription billing additional."",""last_updated"":""2025-08-22"",""source_urls"":[""https://www.g2.com/products/stripe/reviews""]}","Stripe handles online payment processing with comprehensive APIs, fraud prevention, and global payment methods (input: payment requests; output: processed transactions, financial reporting). Key features include subscription billing, marketplace payments, and developer-friendly integration that simplify complex payment workflows. It targets developers, SaaS companies, and online businesses needing reliable payment infrastructure. Compared to traditional payment processors, Stripe offers superior developer experience but requires technical implementation. (meta: English, REST APIs + dashboard, pricing_model: usage-based; key_benchmarks: see scores JSON)"
Webflow,Visual web design platform combining design freedom with CMS and hosting capabilities.,https://webflow.com,https://www.google.com/s2/favicons?domain=webflow.com&sz=128,"Web Design,CMS,No-Code","Design,Marketing,Agencies,Small Business","{""user_rating"":{""G2"":4.4,""Capterra"":4.5},""pricing_model"":""freemium"",""pricing_notes"":""Free for personal projects; Basic $18/mo; CMS $29/mo; Business $49/mo."",""last_updated"":""2025-08-22"",""source_urls"":[""https://www.g2.com/products/webflow/reviews""]}","Webflow enables professional web design with visual development, CMS integration, and responsive design tools (input: design concepts; output: production-ready websites). Core features include interactions, animations, and e-commerce capabilities that bridge the gap between design and development. It serves designers, agencies, and businesses needing custom websites without coding. Compared to WordPress, Webflow offers cleaner code output and better design control but steeper learning curve. (meta: English, web UI + hosting, pricing_model: freemium; key_benchmarks: see scores JSON)"
Twilio,"Cloud communications platform providing SMS, voice, video, and email APIs for developers.",https://www.twilio.com,https://www.google.com/s2/favicons?domain=twilio.com&sz=128,"Communications,APIs,Cloud Platform","Software Development,Customer Engagement,Healthcare,Finance","{""user_rating"":{""G2"":4.4,""Capterra"":4.3},""pricing_model"":""usage-based"",""pricing_notes"":""Pay-as-you-go pricing; SMS from $0.0075/message; Voice from $0.0085/minute."",""last_updated"":""2025-08-22"",""source_urls"":[""https://www.g2.com/products/twilio/reviews""]}","Twilio provides cloud communication APIs for SMS, voice calls, video conferencing, and email delivery (input: API calls, message content; output: delivered communications). Core features include programmable messaging, call routing, and multi-channel customer engagement that eliminate infrastructure complexity for communication features. It serves developers, customer service teams, and businesses needing scalable communication capabilities. Compared to building communication systems from scratch, Twilio offers rapid integration but with per-usage costs that scale with volume. (meta: English, REST APIs + console, pricing_model: usage-based; key_benchmarks: see scores JSON)"
Tableau AI,AI-driven analytics and visualization integrated into Tableau dashboards.,https://www.tableau.com,https://www.google.com/s2/favicons?domain=tableau.com&sz=128,"Data Visualization,Analytics,BI","Data Science,Marketing,Sales,Finance","{""user_rating"":{""G2"":4.5},""pricing_model"":""paid"",""pricing_notes"":""Creator $70/user/mo; Explorer $42/user/mo; Viewer $15/user/mo."",""last_updated"":""2025-08-22"",""source_urls"":[""https://www.g2.com/products/tableau/reviews""]}","Tableau AI embeds advanced machine learning models into Tableau for predictive analytics and automated insights generation (input: dataset; output: visualizations, forecasts, anomaly detection). Key features include Ask Data, Explain Data, and AI-driven forecasts that reduce manual analysis time. It targets data analysts and business users seeking self-service analytics. Compared to Power BI, Tableau offers richer visualization while requiring steeper learning. (meta: English, desktop + web, pricing_model: paid; key_benchmarks: see scores JSON)"
Power BI Copilot,AI assistant for Power BI enabling natural language queries and insights.,https://powerbi.microsoft.com,https://www.google.com/s2/favicons?domain=microsoft.com&sz=128,"Business Intelligence,Analytics,AI Assistant","Business Intelligence,Enterprise,Data Analysis","{""user_rating"":{""G2"":4.4},""pricing_model"":""freemium"",""pricing_notes"":""Free desktop; Pro $9.99/user/mo; Premium per capacity."",""last_updated"":""2025-08-22"",""source_urls"":[""https://www.g2.com/products/power-bi/reviews""]}","Power BI Copilot is an AI-powered query assistant that interprets natural language and generates interactive reports instantly (input: text prompts; output: visuals, metrics, insights). Core features include Q&A, auto-generated reports, and trend explanations saving analysts hours. It targets BI developers and business users. Compared to Tableau AI, Copilot integrates seamlessly with Microsoft 365 ecosystem but offers fewer visualization options. (meta: English, desktop + web, pricing_model: freemium; key_benchmarks: see scores JSON)"
Looker Studio AI,AI features integrated into Looker Studio for automated report generation.,https://lookerstudio.google.com,https://www.google.com/s2/favicons?domain=google.com&sz=128,"BI,Reporting,Analytics","Marketing,Data Analytics,Finance","{""user_rating"":{""G2"":4.3},""pricing_model"":""free"",""pricing_notes"":""Free with Google account."",""last_updated"":""2025-08-22"",""source_urls"":[""https://support.google.com/looker-studio""]}","Looker Studio AI automates data-driven insights and report creation inside Google Looker Studio (input: data sources; output: dashboards, narrative insights). Key features include Smart Compose for reports and auto chart recommendations that reduce manual dashboard design. It serves marketing analysts and small businesses. Compared to paid BI tools, Looker Studio AI is free but less enterprise-grade. (meta: English, web, pricing_model: free; key_benchmarks: see scores JSON)"
Snyk AI,Security platform with AI-assisted vulnerability detection and remediation guidance.,https://snyk.io,https://www.google.com/s2/favicons?domain=snyk.io&sz=128,"Security,DevSecOps,AI Assistant","Software Development,Security,DevOps","{""user_rating"":{""G2"":4.6},""pricing_model"":""freemium"",""pricing_notes"":""Free for 200 tests/mo; Team $59/user/mo; Enterprise custom."",""last_updated"":""2025-08-22"",""source_urls"":[""https://www.g2.com/products/snyk/reviews""]}","Snyk AI leverages machine learning to automatically detect security vulnerabilities in code, dependencies, and container images (input: code repo; output: prioritized vulnerability reports, remediation suggestions). Features include AI-driven fix pull requests and policy enforcement that accelerate DevSecOps workflows. It targets security engineers and developers. Compared to traditional scanning, Snyk AI offers contextualized remediation but requires integration setup. (meta: English, CLI + API + UI, pricing_model: freemium; key_benchmarks: see scores JSON)"
Datadog AI Monitoring,"AI-driven observability platform for metrics, logs, traces, and anomaly detection.",https://www.datadoghq.com,https://www.google.com/s2/favicons?domain=datadoghq.com&sz=128,"Observability,Monitoring,AI Operations","IT Operations,DevOps,Infrastructure","{""user_rating"":{""G2"":4.5},""pricing_model"":""paid"",""pricing_notes"":""Infrastructure $15/host; APM $31/host; Logs $1.27/million events."",""last_updated"":""2025-08-22"",""source_urls"":[""https://www.g2.com/products/datadog/reviews""]}","Datadog AI Monitoring incorporates anomaly detection and forecast models into full-stack observability (input: metrics, logs, traces; output: alerts, root-cause analysis, forecasts). Core features include Watchdog AI that surfaces performance issues proactively and auto-baselining. It serves SREs and DevOps teams. Compared to manual threshold setting, AI monitoring reduces noise but may require tuning. (meta: English, SaaS + API, pricing_model: paid; key_benchmarks: see scores JSON)"
HireVue AI Interviews,AI video interviews with automated candidate evaluation using facial and voice analysis.,https://hirevueaiinterviews.com,https://www.google.com/s2/favicons?domain=hirevueaiinterviews.com&sz=128,"AI HR,Recruitment","HR,Recruitment","{""user_rating"":{},""pricing_model"":""freemium"",""pricing_notes"":""Details on website"",""last_updated"":""2025-08-21""}","HireVue AI Interviews provides ai video interviews with automated candidate evaluation using facial and voice analysis. (input: user data; output: automated insights and results). Key features include AI-driven automation and contextual analysis that reduce manual effort. It serves relevant personas needing efficient workflows. Compared to traditional solutions, it offers improved speed and accuracy. (meta: English, API + web UI, pricing_model: freemium; key_benchmarks: see scores JSON)"
Pymetrics,Neuroscience-based games for talent matching augmented by AI insights.,https://pymetrics.com,https://www.google.com/s2/favicons?domain=pymetrics.com&sz=128,"AI HR,Recruitment","HR,Recruitment","{""user_rating"":{},""pricing_model"":""paid"",""pricing_notes"":""Details on website"",""last_updated"":""2025-08-21""}","Pymetrics provides neuroscience-based games for talent matching augmented by ai insights. (input: user data; output: automated insights and results). Key features include AI-driven automation and contextual analysis that reduce manual effort. It serves relevant personas needing efficient workflows. Compared to traditional solutions, it offers improved speed and accuracy. (meta: English, API + web UI, pricing_model: paid; key_benchmarks: see scores JSON)"
Zendesk AI,AI-enhanced customer support with automated ticket triage and suggested responses.,https://zendeskai.com,https://www.google.com/s2/favicons?domain=zendeskai.com&sz=128,"Customer Support,AI","Support,Customer Service","{""user_rating"":{},""pricing_model"":""freemium"",""pricing_notes"":""Details on website"",""last_updated"":""2025-08-21""}","Zendesk AI provides ai-enhanced customer support with automated ticket triage and suggested responses. (input: user data; output: automated insights and results). Key features include AI-driven automation and contextual analysis that reduce manual effort. It serves relevant personas needing efficient workflows. Compared to traditional solutions, it offers improved speed and accuracy. (meta: English, API + web UI, pricing_model: freemium; key_benchmarks: see scores JSON)"
Freshdesk Freddy,AI assistant for Freshdesk automating ticket classification and reply suggestions.,https://freshdeskfreddy.com,https://www.google.com/s2/favicons?domain=freshdeskfreddy.com&sz=128,"Customer Support,AI","Support,Customer Service","{""user_rating"":{},""pricing_model"":""paid"",""pricing_notes"":""Details on website"",""last_updated"":""2025-08-21""}","Freshdesk Freddy provides ai assistant for freshdesk automating ticket classification and reply suggestions. (input: user data; output: automated insights and results). Key features include AI-driven automation and contextual analysis that reduce manual effort. It serves relevant personas needing efficient workflows. Compared to traditional solutions, it offers improved speed and accuracy. (meta: English, API + web UI, pricing_model: paid; key_benchmarks: see scores JSON)"
Autodesk Generative Design,AI-driven CAD tool that generates optimized design alternatives based on constraints.,https://autodeskgenerativedesign.com,https://www.google.com/s2/favicons?domain=autodeskgenerativedesign.com&sz=128,"Design,3D,AI","Engineering,Manufacturing","{""user_rating"":{},""pricing_model"":""paid"",""pricing_notes"":""Details on website"",""last_updated"":""2025-08-21""}","Autodesk Generative Design provides ai-driven cad tool that generates optimized design alternatives based on constraints. (input: user data; output: automated insights and results). Key features include AI-driven automation and contextual analysis that reduce manual effort. It serves relevant personas needing efficient workflows. Compared to traditional solutions, it offers improved speed and accuracy. (meta: English, API + web UI, pricing_model: paid; key_benchmarks: see scores JSON)"
Adobe Firefly 3D,AI-powered 3D asset creation tool integrated into Adobe Creative Cloud.,https://adobefirefly3d.com,https://www.google.com/s2/favicons?domain=adobefirefly3d.com&sz=128,"Design,3D,AI","Knowledge,Enterprise","{""user_rating"":{},""pricing_model"":""paid"",""pricing_notes"":""Details on website"",""last_updated"":""2025-08-21""}","Adobe Firefly 3D provides ai-powered 3d asset creation tool integrated into adobe creative cloud. (input: user data; output: automated insights and results). Key features include AI-driven automation and contextual analysis that reduce manual effort. It serves relevant personas needing efficient workflows. Compared to traditional solutions, it offers improved speed and accuracy. (meta: English, API + web UI, pricing_model: paid; key_benchmarks: see scores JSON)"
Siemens Xcelerator AI,Industrial AI platform for digital twin creation and predictive maintenance.,https://siemensxceleratorai.com,https://www.google.com/s2/favicons?domain=siemensxceleratorai.com&sz=128,"Industry 4.0,IoT,AI","Engineering,Manufacturing","{""user_rating"":{},""pricing_model"":""freemium"",""pricing_notes"":""Details on website"",""last_updated"":""2025-08-21""}","Siemens Xcelerator AI provides industrial ai platform for digital twin creation and predictive maintenance. (input: user data; output: automated insights and results). Key features include AI-driven automation and contextual analysis that reduce manual effort. It serves relevant personas needing efficient workflows. Compared to traditional solutions, it offers improved speed and accuracy. (meta: English, API + web UI, pricing_model: freemium; key_benchmarks: see scores JSON)"
IBM Watson Health,Healthcare AI platform for clinical decision support and research insights.,https://ibmwatsonhealth.com,https://www.google.com/s2/favicons?domain=ibmwatsonhealth.com&sz=128,"Industry 4.0,IoT,AI","Healthcare,Research","{""user_rating"":{},""pricing_model"":""paid"",""pricing_notes"":""Details on website"",""last_updated"":""2025-08-21""}","IBM Watson Health provides healthcare ai platform for clinical decision support and research insights. (input: user data; output: automated insights and results). Key features include AI-driven automation and contextual analysis that reduce manual effort. It serves relevant personas needing efficient workflows. Compared to traditional solutions, it offers improved speed and accuracy. (meta: English, API + web UI, pricing_model: paid; key_benchmarks: see scores JSON)"
PathAI,AI pathology platform for diagnostic image analysis and biomarker discovery.,https://pathai.com,https://www.google.com/s2/favicons?domain=pathai.com&sz=128,"Industry 4.0,IoT,AI","Healthcare,Research","{""user_rating"":{},""pricing_model"":""freemium"",""pricing_notes"":""Details on website"",""last_updated"":""2025-08-21""}","PathAI provides ai pathology platform for diagnostic image analysis and biomarker discovery. (input: user data; output: automated insights and results). Key features include AI-driven automation and contextual analysis that reduce manual effort. It serves relevant personas needing efficient workflows. Compared to traditional solutions, it offers improved speed and accuracy. (meta: English, API + web UI, pricing_model: freemium; key_benchmarks: see scores JSON)"
Khanmigo,AI tutor by Khan Academy providing step-by-step guidance and hints.,https://khanmigo.com,https://www.google.com/s2/favicons?domain=khanmigo.com&sz=128,"Education,AI Tutor","Education,Student Learning","{""user_rating"":{},""pricing_model"":""paid"",""pricing_notes"":""Details on website"",""last_updated"":""2025-08-21""}","Khanmigo provides ai tutor by khan academy providing step-by-step guidance and hints. (input: user data; output: automated insights and results). Key features include AI-driven automation and contextual analysis that reduce manual effort. It serves relevant personas needing efficient workflows. Compared to traditional solutions, it offers improved speed and accuracy. (meta: English, API + web UI, pricing_model: paid; key_benchmarks: see scores JSON)"
Quizlet AI,"AI study assistant generating flashcards, quizzes, and explanations adaptively.",https://quizletai.com,https://www.google.com/s2/favicons?domain=quizletai.com&sz=128,"Education,AI Tutor","Education,Student Learning","{""user_rating"":{},""pricing_model"":""freemium"",""pricing_notes"":""Details on website"",""last_updated"":""2025-08-21""}","Quizlet AI provides ai study assistant generating flashcards, quizzes, and explanations adaptively. (input: user data; output: automated insights and results). Key features include AI-driven automation and contextual analysis that reduce manual effort. It serves relevant personas needing efficient workflows. Compared to traditional solutions, it offers improved speed and accuracy. (meta: English, API + web UI, pricing_model: freemium; key_benchmarks: see scores JSON)"
Evisort,Contract management platform with AI-driven clause extraction and analytics.,https://evisort.com,https://www.google.com/s2/favicons?domain=evisort.com&sz=128,"LegalTech,Contract Management","Legal,Compliance","{""user_rating"":{},""pricing_model"":""paid"",""pricing_notes"":""Details on website"",""last_updated"":""2025-08-21""}","Evisort provides contract management platform with ai-driven clause extraction and analytics. (input: user data; output: automated insights and results). Key features include AI-driven automation and contextual analysis that reduce manual effort. It serves relevant personas needing efficient workflows. Compared to traditional solutions, it offers improved speed and accuracy. (meta: English, API + web UI, pricing_model: paid; key_benchmarks: see scores JSON)"
Luminance,AI legal review tool identifying risks and key clauses in contracts.,https://luminance.com,https://www.google.com/s2/favicons?domain=luminance.com&sz=128,"LegalTech,Contract Management","Legal,Compliance","{""user_rating"":{},""pricing_model"":""paid"",""pricing_notes"":""Details on website"",""last_updated"":""2025-08-21""}","Luminance provides ai legal review tool identifying risks and key clauses in contracts. (input: user data; output: automated insights and results). Key features include AI-driven automation and contextual analysis that reduce manual effort. It serves relevant personas needing efficient workflows. Compared to traditional solutions, it offers improved speed and accuracy. (meta: English, API + web UI, pricing_model: paid; key_benchmarks: see scores JSON)"
Grain,Meeting video highlight and collaboration platform with AI clip generation.,https://grain.com,https://www.google.com/s2/favicons?domain=grain.com&sz=128,"Collaboration,Video AI","Collaboration,Meetings","{""user_rating"":{},""pricing_model"":""paid"",""pricing_notes"":""Details on website"",""last_updated"":""2025-08-21""}","Grain provides meeting video highlight and collaboration platform with ai clip generation. (input: user data; output: automated insights and results). Key features include AI-driven automation and contextual analysis that reduce manual effort. It serves relevant personas needing efficient workflows. Compared to traditional solutions, it offers improved speed and accuracy. (meta: English, API + web UI, pricing_model: paid; key_benchmarks: see scores JSON)"
Guru,AI knowledge management assistant providing contextual answers within workflow.,https://guru.com,https://www.google.com/s2/favicons?domain=guru.com&sz=128,"Knowledge Management,AI","Knowledge,Enterprise","{""user_rating"":{},""pricing_model"":""paid"",""pricing_notes"":""Details on website"",""last_updated"":""2025-08-21""}","Guru provides ai knowledge management assistant providing contextual answers within workflow. (input: user data; output: automated insights and results). Key features include AI-driven automation and contextual analysis that reduce manual effort. It serves relevant personas needing efficient workflows. Compared to traditional solutions, it offers improved speed and accuracy. (meta: English, API + web UI, pricing_model: paid; key_benchmarks: see scores JSON)"
